Freq/Samples;1;2;3;4;5;6;7;8;9;10;11;12;13;14;15;16;17;18;19;20;21;22;23;24;25;26;27;28;29;30;31;32;33;34;35;36;37;38;39;40;41;42;43;44;45;46;47;48;49;50;51;52;53;54;55;56;57;58;59;60;61;62;63;64;65;66;67;68;69;70;71;72;73;74;75;76;77;78;79;80;81;82;83;84;85;86;87;88;89;90;91;92;93;94;95;96;97;98;99;100;101;102;103;104;105;106;107;108;109;110;111;112;113;114;115;116;117;118;119;120;121;122;123;124;125;126;127;128;129;130;131;132;133;134;135;136;137;138;139;140;141;142;143;144;145;146;147;148;149;150;151;152;153;154;155;156;157;158;159;160;161;162;163;164;165;166;167;168;169;170;171;172;173;174;175;176;177;178;179;180;181;182;183;184;185;186;187;188;189;190;191;192;193;194;195;196;197
0.1;1.981764334;3.559554077;3.168712872;3.000351164;1.132073883;3.228337479;3.642886386;3.364338612;3.299672985;3.009791121;3.383669411;3.256298608;3.734230625;3.292623642;4.289464656;4.480225563;4.081655058;3.29667793;4.927277186;4.514532711;3.739553179;2.65767885;3.068417929;3.008448072;2.613859338;2.738319064;2.501447782;3.461706704;4.321696279;4.363720407;4.24364414;3.72203095;3.428981334;4.165267142;4.171930021;3.041988743;4.297830796;3.559391693;4.086908111;3.352686781;3.444944114;3.336424328;2.801878969;3.539912017;1.918988201;2.418453682;1.74472496;3.906704349;3.576730655;3.219093334;4.35401819;3.965199629;4.048473755;2.702033212;2.892400557;4.452589124;4.301530724;5.156606342;4.83810634;3.437564738;4.540947053;2.156674144;3.206861889;2.389459907;3.64540531;2.128523957;3.456327025;3.771970984;3.308798199;3.697389618;3.821905317;3.983934031;4.521798753;4.225470104;4.372864351;5.143355275;2.866454305;3.111475773;3.617946734;2.920293112;3.033249126;3.399405566;2.966528802;4.25962949;4.02107237;3.53539355;3.831061673;3.286594319;3.847525693;3.976205917;4.398156306;4.114983333;4.519059814;3.650007936;3.721101774;3.217729751;3.561238362;3.842267558;3.552084689;2.983808928;4.29504181;4.85714301;4.308740898;4.691288353;4.627446239;4.073160769;5.145968718;4.436100104;5.347781095;4.332562795;4.422703663;3.722127741;3.650268275;4.287118288;3.412359092;3.351707862;4.60744327;4.927102222;4.996960168;3.884270669;4.272307083;5.009028726;5.198843156;4.773223138;5.581829925;3.842103005;4.212805743;3.846724026;3.105085475;4.568519392;3.687056294;3.031564734;5.126413222;3.386355447;4.908440786;5.190450287;5.637868192;5.196560082;4.467891032;4.426974072;3.359206621;4.025716553;3.82198188;4.373942035;4.678931377;4.580093658;5.016723442;4.96586054;4.824199515;4.317941953;4.846541354;4.320730211;3.641399186;4.264472333;3.996898677;4.058967241;3.346203861;4.506698022;4.109864598;4.888868865;4.464527075;5.175752366;3.841673814;4.797099612;4.990029372;4.712225199;5.594933835;4.131799136;3.588054708;3.544962607;4.309142333;3.562554854;4.528428117;3.351294309;4.906265754;5.433352809;4.78281653;4.488365703;4.504425483;5.429559477;3.701239075;3.42392131;3.811562243;4.187862638;3.523001;3.588606032;3.901634359;4.452959531;4.911712492;5.030967821;5.264198523;5.116524472;4.356950613;3.798986401;4.205616178;5.503752006;4.300084862
0.133333;0.803917616;1.685683054;1.046832707;2.283155743;1.421201245;1.357900027;2.230934565;2.44298713;1.950504657;2.668311044;2.334772542;1.29326099;2.305305939;2.506347434;3.45318875;3.32939487;2.243720789;3.270219468;3.521793971;2.798537809;2.493517952;1.062986818;1.412680841;1.852796117;2.28682827;2.348096128;1.086940688;1.876017737;2.773650851;3.291833956;2.289659602;2.812209016;1.553721665;2.200998199;2.93310257;3.058484247;2.757319188;3.172357693;3.570794824;3.328459816;3.389981318;2.355624544;1.614515348;1.811679186;1.469500338;1.48110923;1.345700419;2.337367269;2.054918098;3.185981345;3.403622564;2.047796077;3.934035222;2.888238688;3.284990652;2.815538498;3.652072083;3.121835697;4.090006528;3.589259092;3.433949438;2.219359017;2.048873745;1.335597249;3.48304554;1.69302491;1.925980366;2.077363419;2.117247719;2.58601403;2.49718459;2.984120877;2.81695062;3.554825491;3.480961153;3.549524382;1.442710014;1.016861277;2.267820608;3.057730257;2.100278638;2.597463166;2.166481385;3.774235607;2.955687267;3.609795802;2.582536877;2.854621631;3.212765552;3.689774074;3.372238445;3.482341489;2.360950471;2.332179631;3.194557397;3.048217485;2.638573217;2.30995667;2.406089798;2.953346578;3.957218741;3.190593127;3.597957418;2.76193644;3.445460411;4.079468807;4.207778311;4.401020426;4.586368635;3.007757641;3.022342455;3.178353441;2.520764065;3.747526563;2.658642658;2.918223881;3.640778702;3.531860077;3.867246359;2.542464573;3.653611473;3.728334273;4.211092117;3.234310712;4.048653795;3.126652826;3.192528726;2.859584317;2.818391097;2.942490241;2.330528336;3.037289465;3.973554779;3.069054965;4.163262575;3.623568512;4.109586064;3.674147581;3.179649471;1.944674041;1.264128828;3.693204446;3.355540972;3.468781585;3.000562285;3.756510781;4.353503732;3.397494434;4.239849629;4.048123069;4.266851891;2.493773545;3.556802775;3.104292784;2.921510162;2.835970011;2.544338139;3.450654472;4.093898011;3.70748467;3.672801937;3.414280416;3.450825225;4.251663978;4.152036667;4.32036496;4.550741339;3.298689237;3.496053801;1.968417439;2.905704542;3.473777884;3.20188593;3.019633145;3.787282713;4.598859954;4.670767687;3.707424143;4.001485154;4.993887597;2.977212182;2.552655694;2.963629861;3.622305193;3.069489144;2.667124616;3.735927162;4.809961831;3.950786463;4.34060104;4.402335476;3.889957736;3.361150252;3.316124284;3.415832737;4.100605103;3.704188226
0.166667;-0.203843851;1.130267696;0.183971399;0.774759548;0.981837333;0.385110207;-0.002500622;1.414782887;1.974800855;2.047189963;-1.144065563;0.822585433;1.348018447;1.659437479;1.70663672;2.238657977;1.50428628;1.671868403;0.386278548;1.158356358;1.954661328;1.179451572;1.021467733;0.861065752;1.565662299;0.629320846;1.40125624;1.07490888;1.215344038;1.766959319;-0.12620334;1.666582795;1.388611295;1.408615779;1.75521146;1.55408655;2.171245496;2.324486761;2.492387367;1.693593423;2.679862739;0.778416382;0.739553743;1.082797539;1.537461189;1.26402113;1.038359696;0.552208211;1.848894378;1.94132748;1.242407998;0.956092401;2.195042388;1.565169637;2.576093834;1.085539974;2.307348653;1.700460966;2.847736587;2.780659864;1.784533155;0.636887919;0.246611246;1.141467419;1.707941695;1.164212995;1.417968008;1.533389384;1.925337775;2.506511984;2.118829624;1.993822092;0.487019324;2.234950506;2.525101107;3.255437706;0.998415868;0.881018917;0.554614229;2.06407016;1.393577776;2.045480816;0.974976582;2.532990517;2.216481361;2.40325594;1.563714319;1.99970261;3.043751197;2.638740446;2.446322193;3.623200782;1.25533955;1.799959422;2.321523734;2.298036146;1.891506117;1.46087582;2.084569474;2.732979063;3.057061575;2.596420108;2.790538194;2.058695008;3.190562291;3.510702975;3.174322357;3.821313403;3.334814941;1.190260825;2.457347155;1.960107281;1.065260595;2.171977872;1.769443898;0.896679295;2.693349293;2.468411135;2.754105392;2.048862747;3.251287467;2.50996903;3.324855208;2.94979591;3.243080102;2.036595895;2.022249057;2.607407947;2.062904268;2.301385691;1.974654531;2.494267479;3.392840518;2.980704238;3.201392487;3.256806983;3.638513778;3.463858615;3.147298605;2.455651744;1.12351689;2.842887142;2.018538039;2.391866192;1.840748314;2.284015789;3.827475367;1.711900426;3.6831071;3.596407119;3.525522774;3.08090947;2.343005464;2.293448576;1.794013189;2.779739833;2.590883701;1.581333116;2.547683127;2.212125382;2.835027259;2.871881275;3.490216357;3.391306272;3.531630131;3.820801305;3.183670119;2.529920097;3.274224048;2.274032931;1.548442274;3.151644119;2.043604958;2.97216226;3.097535608;2.781051918;3.407127908;3.003770042;2.844393734;3.880414631;3.362480021;2.896572241;3.081711479;2.151768631;1.530273942;2.313435648;3.639613701;3.876889647;3.724725667;3.546062245;2.919997367;2.700335823;3.272818137;2.584214842;3.021770026;3.172953203;3.619128036
0.2;-0.096292886;0.258684472;-0.309313158;-0.656210853;-0.662583716;-0.411122532;-0.748340846;0.768539359;0.446412762;0.453459775;0.029798066;0.496952846;1.216960662;0.459916307;1.346910835;0.81763653;0.321917462;1.213193449;0.582365842;-0.510013422;1.464047927;0.476831765;0.221260727;-0.895423095;0.626937777;-0.166615841;0.320872391;-0.512944298;-0.198631702;0.895096434;0.740045234;0.322369569;0.427724552;0.760977958;0.747945214;1.138285432;1.416046581;1.801084828;0.885722141;0.495976792;1.68001582;-1.222273062;-1.457182022;-0.799316732;0.548405294;0.109245336;0.229444583;0.405072767;1.317619175;0.000234767;0.688787343;1.227776925;0.227487719;1.248445216;0.913269561;1.939352855;1.999529155;1.079606209;0.956168301;1.256774291;1.566627395;0.190290936;0.165047508;0.272053404;0.142278572;0.710101712;0.091653741;0.63227607;1.610077904;1.877838201;1.411826409;0.887073174;0.708578929;1.318839811;2.218068301;2.589575396;0.449530924;0.238677428;0.359477664;0.543561296;0.448480698;0.696807505;0.205063483;1.314120519;1.812939427;1.218507207;1.135105203;1.121485681;2.144551772;1.992297525;1.407098668;2.741120549;0.647397615;0.999564242;1.112869373;1.762982624;1.214567461;1.442550429;1.62333177;1.968940016;2.261331927;2.344561433;2.424161923;2.10530409;2.583525087;2.83425869;2.514076215;2.854960947;2.676159612;1.060255858;1.634680509;1.23616604;1.044386641;1.779420127;1.214394103;1.373052225;1.57304;2.270245695;2.679957942;1.730889936;2.004037485;1.410126154;2.074761442;2.823131146;2.607048686;0.179993502;0.583030267;2.153412025;1.436842077;1.750035362;1.47166194;1.871837503;3.185613452;2.853306261;2.625195498;2.93973296;2.143139862;2.931763139;2.27301538;1.86208541;1.727577271;1.643073757;1.209253593;1.934074192;0.914264049;2.800648815;2.744677214;2.686516312;2.767818454;2.498736187;2.904842062;2.805421293;2.025236704;2.001454179;1.879880796;2.544982257;1.733196468;1.118984519;3.066781766;3.16673787;2.090390953;1.945709915;2.83783366;2.262467507;2.824647156;2.90131099;3.105681647;2.82118154;2.066541539;2.683983728;2.38765569;2.183917385;1.444930877;1.867199425;2.63800745;2.512825164;2.786440986;1.503889869;2.121673649;3.536298976;2.152168088;1.604569399;2.322340443;2.515158093;1.866347062;1.355921938;2.962974609;3.037934983;3.08569207;2.893853016;2.455778378;1.984493534;1.712238683;2.359413565;2.019597026;2.992573761;2.999589738
0.233333;-0.903745483;-1.020982375;-1.434139449;-1.203534287;-1.508602729;-0.801687533;-1.659242835;-0.254369193;0.317037724;-0.459775597;-1.096105585;-0.722344588;-0.127897795;-0.024549542;0.54722026;0.710296147;-0.495833927;0.402842417;-0.725463099;-0.008554912;0.60102748;-0.33063604;-1.695478454;-0.557814791;-1.535150164;-0.317803611;-0.993125432;-1.228349561;-0.065999678;0.23903574;0.514150977;-0.053048503;-0.459541235;0.165231933;0.212394824;0.244169044;0.658410059;0.773209734;0.514039704;0.749351527;0.62600713;-1.614618003;-1.548999302;-0.656368191;-1.342578874;-0.303364905;-0.110927675;-0.581539642;0.328145961;-0.006691278;0.752307827;0.753780298;-0.716936103;0.733862073;-0.691794515;1.674360045;0.772110125;0.95658765;0.524125001;-0.243543319;0.349233455;-0.446939149;0.116382711;-0.84735359;-0.354615608;-0.69014709;-1.428069648;-0.042347814;0.813741899;0.55080477;0.6005291;0.480320102;0.82088878;0.855971863;1.569794081;0.79551552;0.553113612;-0.364451881;-0.038187517;-0.905078977;-0.607075617;-0.649028713;-0.432929001;-0.016705684;0.081589702;0.111269377;0.08559237;1.496677446;0.963352437;1.043230304;0.880839924;1.493987482;-0.131640302;0.270127834;-0.360806853;-0.737552002;0.294556188;0.030632805;0.673289726;0.461226894;0.934731983;1.117695886;1.117117115;1.438423416;1.666934298;1.966878431;1.291832686;1.084127854;1.446879938;0.594920241;0.246828576;1.029435427;0.802071333;1.044012344;0.334280698;1.133414339;0.81946704;1.748540722;2.27329462;1.731700308;1.990117436;0.32919959;2.439920781;1.957031902;1.955350382;-0.256466255;1.000031713;1.217040231;0.07048095;0.267051471;-0.157414661;1.286407792;2.616013924;1.281264594;1.681692928;2.063349455;2.251855327;1.367568691;0.812308376;0.734647355;1.016527618;0.257168541;1.154192158;1.251661769;1.077785061;2.571752304;2.064301846;2.10707953;1.30645318;1.643285083;1.723385632;1.758430794;2.223087904;0.175464957;1.466180178;0.731857777;1.070285439;1.01428023;2.285417611;2.791768669;1.024782587;2.02348374;1.648106963;1.993320825;1.500553147;2.513242514;2.929253456;2.126853136;0.874208683;2.085067338;2.113260234;1.978366598;0.115820767;1.366311798;2.570023333;1.630306223;1.890000705;1.626278636;1.695856939;3.006503131;1.630435966;0.65169824;2.191978837;2.020093668;1.506072273;0.867779431;0.834246645;2.338833133;1.87732541;2.572877382;1.643375888;1.673794684;1.810922647;1.192315989;0.579837539;2.541692036;1.709138353
0.266667;-1.936141748;-0.90128096;-2.391829075;-1.325550259;-1.861539364;-1.692962177;-3.00810828;-1.020470731;-0.257659191;-2.358550829;-0.802274636;-1.836954003;-1.044439022;-1.510181001;0.131382074;0.019459105;-0.060624207;-0.370094083;-0.461287652;-0.297217032;-0.276723659;-1.218607874;-2.314664198;-0.42201584;-2.90278183;-0.84453319;-1.110665176;-1.997592085;-0.636145236;-0.561571458;-0.323282227;-0.308492541;-0.572310438;0.043893653;-0.155207559;0.39122529;0.528884184;-0.086544826;0.062399432;0.588100502;0.037675773;-1.016105417;-1.243533419;-1.1094481;-1.29354571;-0.867165465;-1.181499555;-0.937127232;-0.50533577;-0.342910365;0.699852788;-0.992953424;0.074765918;0.323758275;-0.60035791;0.170053167;-0.281914734;0.658839148;0.439847124;0.309022373;0.275376598;-1.293311563;-0.907564572;-1.231747938;-1.254042587;-2.396684307;-1.438373304;-1.036393824;-0.63869584;0.232881876;0.343520968;-0.122234541;-0.57092064;0.374459839;0.938793729;0.67244383;0.121065264;-0.232149259;-0.876986431;-0.737943058;-0.602290105;-0.941611557;-1.176474023;0.243481965;-0.525980156;-0.72389479;0.05834976;0.909282572;0.223990465;0.219373772;1.148596271;0.627899083;-0.834710269;-0.692228415;-1.231174348;-1.322657336;-0.751662358;0.007604235;0.271346709;0.444421509;0.227113612;0.365993324;0.460426312;0.305980746;0.370153586;0.63690703;0.347686609;1.777590938;0.12172344;-0.465616672;-0.67612411;-0.724282662;-0.274465222;-0.830553753;0.135632637;-0.743279588;0.851324071;0.530247329;1.522836373;1.336505843;1.095718823;-0.247157274;2.165205056;1.365207379;2.073648907;0.126249464;0.052610502;0.47712581;-0.203831412;0.137952795;-0.176504198;0.740001504;1.472142749;0.874340797;1.356314033;1.730611622;1.727174598;-0.672489816;0.189366339;0.079012919;0.042183045;-0.498901388;1.090151632;-0.512773704;0.576677817;1.52995677;1.560361973;1.633112928;1.560967557;0.871504209;0.590027879;0.430462698;1.224696644;-0.406825501;1.381722933;0.825220691;0.39151957;0.81527725;0.489307663;1.149165725;1.015495885;1.980423559;0.878607244;1.013762114;2.395569554;2.399122062;2.15587714;1.099691499;0.802171538;1.450184974;0.813137777;1.262322181;0.885425717;1.70067995;1.368309263;1.239075958;1.285867048;0.658379284;1.313075018;2.152943105;1.209819053;0.541426752;1.937608425;0.456720475;0.448513393;0.516528106;1.524868505;1.263538558;1.635576544;1.393790531;0.730795169;0.734359622;1.680829383;1.146443988;0.485744271;1.254178901;1.816239721
0.3;0.568925411;0.659819409;0.663076695;0.588300313;0.522553308;0.45302851;0.31117043;0.672530523;1.112250695;0.748238728;0.874298076;0.727688815;1.091765037;0.042629769;0.966777152;0.315569182;1.477768343;0.622639207;0.761122485;0.640177286;0.808333348;0.625042505;0.53172082;1.097755583;0.529874333;0.635947463;0.878391733;0.132704637;0.13578525;0.946022202;0.931565235;0.694266115;1.076990445;0.748455401;0.921007596;0.46192523;0.2819913;1.101551251;1.033427881;0.586112865;1.223642713;0.394542104;0.740426106;1.029562278;0.073122285;0.846929046;0.147285393;0.479704943;0.788201558;1.052097919;1.146407687;0.953160615;1.21664533;1.417211794;1.227296527;0.90748865;1.136391098;0.53078771;0.482509318;0.585380882;0.953419878;0.618420019;0.569310607;0.766925173;0.420653758;0.521429674;0.405637875;0.922860513;0.848341681;1.017734145;0.788891843;1.439671104;0.627268048;1.077346072;1.428245979;1.352550045;0.552663873;1.003877538;0.849040594;0.69355932;0.48948998;1.061168649;0.373722323;0.482000264;1.113772095;1.065206836;1.307271036;0.874546458;1.245252995;1.470152467;1.494487935;1.42398256;1.436251633;0.466415413;1.389278105;0.671687793;1.102448399;1.008732331;1.020235779;1.030480855;1.630813059;1.001290658;0.758475771;1.267262545;1.122300117;1.263503863;1.226890513;1.909027802;1.251403928;1.064152171;1.016137823;1.306950937;1.075209825;0.763494739;1.04746794;1.350015262;1.386915303;0.804054018;1.126031876;0.569533909;1.123003453;0.799207009;2.080679147;1.898204361;1.858442773;0.905341406;0.76247073;0.757771014;0.938033967;0.777549733;1.279910007;1.596032107;0.992983088;1.281777748;1.248498762;1.961689948;1.67978155;1.867184412;0.645023255;0.80048124;1.056027774;1.77311845;1.037688122;0.915315589;1.064700264;1.107240445;1.861835136;1.009681272;1.117467347;1.757575387;1.631569684;1.245940923;0.978307586;-0.054099647;1.504139294;1.240925356;1.407147602;0.811893055;1.181573997;0.864201007;0.602056842;1.254791782;1.758204888;1.002348118;2.664032725;2.607166492;2.423829265;1.38862175;1.995792892;0.980316687;1.595883371;0.849677102;0.949153282;1.817792351;1.507021908;1.792245846;1.84941687;2.133028708;1.584650216;2.576365063;1.731751294;1.676100861;2.238296011;2.193449475;1.472123799;1.501648811;1.542265078;0.931073622;2.02147746;1.760283528;1.916434491;1.290004951;-0.009014163;1.053846614;1.447239203;1.220369169;1.699102395
0.333333;2.08533598;2.007018592;2.005721532;2.022855199;1.970625724;1.913472111;1.851720267;2.080102365;2.017008268;2.037435276;1.961138406;1.999255831;2.136220497;1.987846438;2.083347788;1.748996716;2.124189993;1.849696348;2.088794081;1.749394724;2.075573355;2.095024076;2.088059087;2.066602149;2.033887567;2.042657039;2.10020584;1.897469523;1.93873697;2.124383241;2.100824199;2.00836572;2.024648687;2.010399447;2.232118957;1.985795579;2.045916166;2.144947988;1.97677424;1.982997757;2.145956531;2.028712393;1.982319545;2.241399004;2.03020524;2.164274783;1.940232806;1.932048765;2.170809025;2.281895071;2.337808805;2.209355353;2.225494355;2.338714746;2.149885029;1.971773164;2.175173743;1.647985182;2.14067584;1.810472286;2.373867389;1.959073533;1.944565775;1.910167174;2.02119533;2.034671808;1.940015864;2.067286484;1.992784492;2.04612934;2.188471122;2.31548295;1.659393903;2.330987332;2.103586747;2.52734263;2.044947002;2.100738348;2.13756104;2.057529104;1.946913501;2.091246392;1.953730076;1.806437822;2.115905199;2.147032946;2.103151659;1.882637275;2.358298582;2.043456805;2.404906636;2.36406207;2.474627651;2.17759936;2.204910362;2.171171952;2.08823467;2.389949903;2.15028015;2.140572998;2.217874226;1.825922674;1.952835244;2.347579297;2.358171186;2.084729913;2.174050974;2.149149412;2.3185014;2.169711187;2.227743363;2.547430234;2.246090766;2.349005244;2.119342703;2.406291944;2.514554652;2.164423131;1.983156166;1.988648006;2.248197834;2.044991333;2.498674457;2.375876188;2.258911269;2.154777244;2.175660457;2.071915322;2.177370053;2.164481197;2.308758649;2.18101752;1.937270178;2.090552422;2.070957575;2.29638919;2.192862034;2.59093133;2.245678045;2.168313864;2.132811172;2.717652929;2.064517077;2.472133385;1.994797193;2.059526029;2.406962688;2.003686372;2.469876421;2.432894152;2.404506019;2.267148932;2.213443884;2.144073065;2.096562692;2.243726179;2.389293185;2.129723786;2.25875257;2.106757747;1.995519801;2.270282069;2.842783795;2.382265211;3.003784131;2.736646249;2.603518169;2.48670477;2.629287982;2.351679451;2.41667026;2.288308561;1.814429806;2.46885842;2.114257062;2.674834967;2.43105549;2.382155656;2.646130531;2.880279126;2.430873756;2.246958427;2.647360119;2.911958965;2.757594001;2.243726341;2.009430543;2.207344562;2.46695749;2.93816303;2.149271919;2.748761684;1.971698624;2.415802498;2.067006254;1.633364264;2.520940406
0.366667;0.9429984;0.884182292;0.597696729;0.909644501;0.790196927;0.746045378;0.555833204;0.897013437;0.759395253;0.779835982;0.944851763;0.662298104;0.87666971;1.005868159;0.903909285;0.634597056;0.554804243;0.474220512;0.832094891;0.45571846;0.736440442;0.774813089;1.007855785;0.502681887;0.734005796;0.903479599;0.801317062;0.807068874;0.95529967;0.920602706;0.674773943;0.752479612;0.476756527;1.040386449;1.0106302;0.358780535;1.156735702;1.023041433;1.019891946;0.866281058;0.752640289;0.756363506;0.865619598;0.76608214;0.964760622;0.814257394;0.92526449;0.654662186;0.829016337;1.231490025;1.166036886;0.953106779;1.190184048;1.131405503;0.964957026;0.731519995;0.617225904;1.000559788;1.227125884;0.713487949;1.184895305;0.696251735;0.814670412;0.540433603;0.809400807;1.013096344;0.874131731;0.767002037;0.645013899;1.005825745;1.185137502;0.847640043;0.42190703;1.006575842;0.726948128;1.266119403;0.983117527;0.78282564;0.973477271;0.665504826;0.623948358;0.433440667;0.603275578;0.799056214;0.814407129;1.078789645;1.155985975;0.596395427;1.326657162;0.384130054;0.942159547;1.154012429;1.112638868;0.901105626;0.655812582;1.148217345;0.631490483;1.319454067;0.922099491;0.91720003;0.467294441;0.604248444;0.803095981;1.164906495;1.634709716;1.037097964;1.163838924;1.217580314;0.98861339;0.745302431;1.171078242;1.409210873;1.181152086;1.102423777;0.666477628;0.91757571;0.837657012;0.905224432;0.762325579;0.694601815;1.309724575;0.676356007;1.347196675;0.835742203;1.251358128;0.511184302;1.227138097;0.575647434;0.868141571;0.845582593;1.145916064;0.525899507;1.253511522;1.571919676;0.276806373;0.400577636;0.53295586;0.993195423;0.961409037;0.921229014;0.440420282;1.430320319;0.762056632;1.105410948;0.975970236;0.890169016;1.076973877;1.48873282;1.031889988;1.257649602;1.073607315;0.838861715;0.848041231;1.22966191;0.966282439;1.217896556;0.983545929;0.66804859;1.269668983;1.121242973;1.1170012;1.458977806;1.787604619;1.614078094;1.590245614;1.509558694;1.144134221;1.144261773;1.61850747;1.58691235;1.065317261;1.409872039;1.247073938;1.203847904;0.682588932;1.697423413;0.61974311;0.830563412;1.462030401;1.962054034;1.60453417;0.788161238;1.311461909;1.161016936;1.732471534;0.837569225;0.805803323;1.034667872;0.74205381;2.030748898;0.523377352;1.775424855;1.052576943;1.172458025;0.941057361;1.039118486;1.621909138
0.4;-3.649301384;-3.543422306;-2.39958685;-3.353108611;-3.212960161;-2.901059682;-3.690378463;-1.454835297;-2.268613796;-2.717429643;-2.254398164;-2.299993436;-1.807573927;-2.491730459;-1.427639804;-2.254387882;-2.177953207;-2.036263494;-1.466849693;-1.644674127;-1.845920764;-3.430028936;-2.42655228;-2.574174811;-2.552728184;-2.955612485;-3.394255226;-2.715699809;-1.738181969;-2.010558375;-3.470551444;-2.020166475;-2.449298747;-0.987334163;-1.913876503;-0.980374344;-1.872088684;-2.988614642;-0.908564969;-1.954360159;-2.182636131;-2.656672933;-2.935910858;-2.362331903;-1.97597972;-3.24768691;-3.092762816;-2.704313322;-2.136388727;-1.971023385;-1.945202769;-2.224345186;-2.443520845;-2.177010814;-2.913268717;-1.728583651;-1.38362342;-0.563954861;-1.491726163;-1.8393508;-2.53464431;-2.208273752;-3.66067508;-1.826885212;-2.3729833;-2.074701705;-2.626175823;-1.915114113;-2.200234578;-0.800607039;-1.18034085;-0.575626979;-2.212575624;-1.823148451;-0.924806746;-1.496378791;-2.713861324;-3.631867313;-2.678825062;-2.59008843;-3.407635735;-2.725651418;-3.197494014;-2.722912629;-0.984106502;-1.664313571;-1.281245949;-2.449041316;-1.567453796;-2.765559637;-2.66561633;-1.101863664;-2.516503642;-2.618920878;-2.398794024;-2.074114148;-1.977731747;-1.450430353;-2.901968391;-1.863559143;-2.230397911;-2.172513599;-1.731245362;-1.066897719;-0.920946447;-0.680509804;-0.126961443;0.102424373;-0.599734689;-1.798723036;-1.861135025;-1.921768758;-1.310454774;-2.98791352;-2.336841084;-1.365674945;-0.958565222;-1.889912234;-1.543946717;-1.539197562;-0.79268162;-0.509935656;-0.503198986;-0.996394249;-0.811038791;-1.469553684;-1.97571027;-2.006352825;-1.424468085;-1.442837586;-1.449758292;-2.553398811;-0.975873207;-0.605554006;-0.604377222;-0.491778715;-1.564884391;-0.171665536;-2.508871974;-2.09289472;-1.826556715;-1.634987864;-2.209645749;-1.382504434;-0.920059105;-0.363724857;-1.824048611;-0.417458383;-1.494215739;-0.864589831;-0.610764406;-1.792951156;-2.218927273;-2.032289224;-1.767680421;-2.295935058;-0.845070559;-0.689449953;-0.515995392;-1.588448304;-0.193757677;-0.258425141;-0.289631476;-0.443409177;-0.444083217;-0.479226914;-0.110223838;-2.116620027;-0.807378031;-0.73902537;-1.325289773;-0.508039443;-0.875420859;-1.530324081;-0.966225319;-0.908614913;-0.75468965;0.076577146;0.161388294;0.173354173;-0.788058811;-1.587415;-1.499765076;-1.215381378;-1.642243403;-1.862588085;-0.561985632;-0.518176782;-0.461806793;0.515149296;-0.403818944;-0.788986727;-1.363949507;-1.016837244;-1.185412782;-0.377300099;-0.560937903
0.433333;-4.321321437;-3.894398748;-3.668216544;-3.642742071;-4.039347811;-4.195806241;-3.963039402;-2.061299809;-3.733816734;-3.631953638;-4.346401282;-2.844626494;-2.578152347;-3.804068831;-1.529749376;-3.101459407;-3.126344389;-2.286091356;-2.511709729;-2.122610362;-2.109621925;-4.321888562;-3.637511737;-2.924509353;-3.578843088;-3.526809037;-3.343009385;-4.272746103;-3.143506532;-3.579042698;-4.348391799;-2.266889067;-3.289007088;-1.667675797;-3.501674072;-1.153021515;-2.559204302;-2.393782922;-2.183954302;-2.300664405;-2.40816569;-4.194076487;-3.711229828;-3.724830697;-2.795138135;-3.317055853;-3.410677045;-2.865693463;-2.233562038;-2.679728528;-2.057602921;-2.577991844;-2.828590097;-1.925120402;-2.021272691;-1.437860284;-2.354828283;-1.701204898;-2.191077725;-1.509232645;-1.893341416;-3.054778821;-3.445665495;-2.379272176;-3.151607236;-2.436431544;-3.358880931;-2.794571442;-2.942027608;-1.732221649;-2.922873767;-1.762079049;-2.696213913;-2.619679361;-1.879590962;-2.173587382;-2.70704976;-2.967634355;-2.722278048;-2.735931062;-3.37837284;-3.41098591;-3.568903267;-2.975597448;-1.563064356;-2.149196211;-2.352716093;-1.717364186;-1.944379331;-1.445126832;-2.293429183;-0.844862154;-2.434553208;-2.238802285;-3.703498401;-2.497554268;-2.101705443;-2.23781007;-2.937324393;-2.295775621;-1.749175706;-2.190426987;-1.76723238;-1.298315879;-1.440521858;-2.269947222;-0.936180774;-0.009956411;-1.300211248;-2.068203943;-2.653422623;-2.170812151;-3.093092806;-2.923918953;-2.294242671;-1.702596296;-1.570876244;-2.075693199;-2.116933799;-2.278505535;-1.225931492;-1.129895803;-1.850001782;-1.333867374;-0.486483437;-1.600530141;-1.594462178;-2.239516481;-2.029458787;-2.132594707;-2.215981257;-2.35919269;-1.682524026;-1.013315537;-1.473785251;-1.828166064;-0.458003906;-0.743721554;-2.253475404;-2.073425919;-1.416680033;-2.044816497;-1.982988233;-1.254666283;-1.471468441;-0.654209786;-0.687561525;-1.372243401;-1.475538185;-0.760941374;-1.169512978;-1.26726467;-2.153095155;-1.497027117;-1.498207261;-1.087466597;-1.321347441;-1.461745281;-1.45487756;-1.533358552;-0.687921833;-1.024987781;-0.688412002;-0.504097155;-1.071028985;-0.358091466;-1.185210158;-1.168099991;-1.91182853;-1.371772258;-0.733577362;-1.53017581;-1.521907257;-1.986964131;-0.288195701;-0.722165181;-1.090010875;-0.684147876;0.31302422;-0.048097686;-1.341066645;-1.260487638;-1.072830968;-1.421818863;-1.750412039;-1.503292222;-1.216474139;-0.039024683;-0.425770453;-0.717748692;-0.953180227;-1.52422663;-2.034666388;-1.421855693;-1.091287884;-0.93888682;-0.434702987
0.466667;-4.42855197;-4.314607858;-4.246290743;-4.138588538;-5.602988176;-5.804388835;-4.674419065;-3.881198545;-3.039627194;-3.8767422;-3.430994837;-3.708934842;-3.577600277;-3.909353533;-3.185503082;-3.174443612;-3.219615692;-2.444078545;-3.400561535;-3.037900998;-1.852821589;-4.643318421;-3.628478255;-4.076826;-4.972612423;-3.405454682;-3.98436125;-3.781568869;-3.586217453;-3.116611936;-4.270759833;-2.68217072;-3.883354922;-2.888552198;-3.051943047;-2.074865475;-2.82865277;-2.156186484;-2.68330818;-3.194915113;-1.721824916;-4.147727084;-3.294170325;-4.468410979;-3.423246348;-3.564535332;-3.309372864;-2.837383758;-2.625249505;-3.069841227;-3.249919466;-2.294632217;-2.880468958;-2.141998546;-2.157918435;-2.636241187;-1.86227628;-2.73622199;-1.985172119;-1.601196108;-1.592815951;-4.531404619;-2.983220972;-2.919368072;-3.552380303;-2.703393741;-2.92302337;-3.231282344;-2.621325383;-2.974312487;-2.807888285;-2.536384852;-2.780632667;-1.7247694;-2.172051189;-2.569702964;-2.571699818;-3.293111156;-3.051253237;-2.913091292;-3.259076124;-2.430976356;-3.867230708;-2.610140329;-2.194464348;-2.179816893;-2.440012848;-2.550260746;-2.104593192;-1.600677908;-1.913335161;-1.388162871;-3.561122;-2.565239634;-2.702463463;-2.924902658;-2.003560137;-3.771924802;-4.448657294;-1.845769083;-1.638146305;-1.819567926;-1.774482776;-1.667307451;-2.719149122;-3.10322756;-0.925207453;-0.553150854;-1.060189526;-3.125106559;-3.262905463;-2.447899157;-2.726484796;-2.336423506;-2.506554767;-2.126322484;-2.017090269;-2.184602733;-2.589008442;-1.967890143;-1.907951915;-2.097755383;-0.317165446;-0.584088355;-1.354316539;-1.989852265;-2.13602523;-2.508101665;-2.332912494;-2.929050953;-2.278276858;-2.395030064;-1.902706312;-1.09688151;-1.726312786;-1.719176926;-0.555621112;-0.563430878;-2.125814418;-1.819876109;-2.051893633;-1.883925306;-1.912063084;-2.940033815;-1.393030115;-1.218314493;-1.186242482;-0.39144861;-1.541205118;0.082302201;-0.413101875;-1.485766806;-1.838868228;-1.460304083;-1.951384406;-1.209651334;-2.206433095;-1.797775491;-0.344308056;-0.999691324;-1.056091515;-1.366910272;-0.806890098;-0.619698809;-0.980407789;0.053564217;-1.700768064;-0.889133288;-1.320593788;-2.309097191;-0.817729931;-2.054432955;-2.658950726;-1.914232156;-0.702185311;-0.529337906;-1.144184358;-1.834258133;-0.397492964;-0.098663801;-1.403541374;-1.369436995;-0.996198426;-1.177642103;-2.157976789;-1.837093365;-1.927480494;-0.603173378;-0.329318717;-1.09545775;-0.197245106;-1.055713032;-1.658554475;-1.871996821;-0.953743126;-0.767120501;-0.743193427
0.5;-4.371922325;-5.149956587;-4.461402606;-4.719405836;-4.52936865;-4.007106668;-4.487940432;-2.73279891;-2.954170359;-3.249755914;-3.296080892;-3.511230952;-4.019973248;-5.094945846;-3.043250209;-2.456719559;-3.065576652;-1.9829877;-3.567179569;-2.887658513;-2.003287468;-4.41110425;-3.61943495;-3.716308293;-3.897290433;-2.959076192;-3.948064646;-3.112175327;-3.69270569;-3.100446771;-3.189018006;-3.145580021;-2.958481938;-3.023160038;-3.044151694;-1.832672669;-2.393449083;-2.150529483;-2.691604265;-2.454478985;-2.543719803;-3.060889321;-3.770516453;-4.068233953;-3.765348914;-3.847710796;-3.907096529;-3.087012698;-2.879154556;-3.123614342;-3.532649813;-2.25544927;-2.950218207;-2.858216337;-3.095649643;-2.880600178;-1.815981998;-2.231278327;-1.95432453;-2.059828795;-1.343449873;-3.3808909;-4.118050654;-3.218451463;-3.275944892;-3.546688225;-2.935723024;-3.403325752;-1.961052457;-2.600332523;-2.426759658;-2.809109243;-2.486768715;-2.013554358;-2.109799024;-2.628478664;-2.928391077;-4.227250816;-3.145168542;-4.070725135;-2.861513089;-2.685548651;-3.657757095;-2.806543896;-2.511784079;-2.412022395;-2.396566529;-2.691646874;-1.96001471;-1.791263562;-1.825943549;-1.820807593;-2.583631998;-3.432463936;-2.466998826;-2.89048412;-2.306867894;-3.559081949;-3.671510069;-1.677928539;-1.900677051;-1.861032224;-1.742452621;-1.693757642;-2.895965614;-1.940811746;-1.670870065;-0.671165134;-1.909093077;-2.700324609;-2.767728681;-2.077154685;-3.566153661;-2.833156948;-2.45590085;-3.144338645;-2.055201926;-2.824385013;-1.765778319;-1.738465465;-2.14689728;-2.78129444;-0.570415448;-0.126293969;-0.90019577;-2.1465176;-2.35267471;-2.117471445;-2.868090128;-3.085745439;-2.014861652;-2.064732673;-2.194054397;-1.445360184;-1.932444868;-1.180644205;-1.447659713;-0.695068717;-2.666780224;-2.339969262;-2.34159536;-2.235889897;-2.908168107;-2.774822544;-1.552359971;-2.018297082;-1.924625989;-0.373286113;-1.642597702;-0.272794974;-0.042567756;-1.956138344;-1.669550678;-3.003140927;-1.881842967;-2.595238181;-2.052311743;-1.083590924;-0.833838511;-0.873743395;-1.291195637;-0.383912976;-1.598342032;-1.121229557;-0.867971507;-0.187815354;-0.837815948;-1.556385275;-0.840465046;-1.275522719;-1.121964228;-2.613255323;-2.143693624;-1.95634512;-0.67497486;-0.279907024;-2.037735773;-1.338674829;-0.785262634;-0.565654986;-1.402078215;-0.988764155;-1.421335742;-1.084476888;-1.235700831;-1.177087202;-2.763725106;0.04626091;-0.252370555;-1.521418127;-0.295270831;-0.72043382;-0.651733995;-2.473254689;-1.76955607;-0.43056154;-0.786439279
0.533333;-4.301579136;-4.795878235;-4.222364162;-5.036344843;-4.326167621;-4.283163319;-3.989634611;-2.375474907;-3.415985805;-4.670556688;-4.048525386;-3.491304974;-3.113028415;-4.713037823;-2.756394002;-3.515568223;-3.202587446;-1.889754726;-3.584494769;-4.084767259;-2.48526597;-3.727528248;-4.919792175;-3.487312186;-4.042307701;-3.135936091;-3.721548204;-3.495136149;-3.520765876;-3.425768709;-3.195520507;-4.072415424;-2.615801259;-3.016214673;-2.752125302;-2.611288143;-2.449032413;-3.134493668;-2.507208923;-3.165190243;-2.82660288;-3.341500709;-3.848226223;-4.03821031;-3.836845091;-4.200520905;-3.451739436;-3.693216996;-3.960280293;-3.922832159;-3.766111287;-2.939160975;-2.557782531;-2.768292346;-2.249619847;-2.391950232;-1.797929817;-3.088677574;-1.92364108;-3.370560456;-1.698792769;-3.469807862;-2.981870247;-4.211568491;-3.142648101;-3.940155414;-3.742112889;-3.474607781;-2.053885112;-3.372616369;-2.325762797;-3.059106453;-2.146737565;-2.834629715;-1.30424413;-2.545896574;-3.157971914;-3.503129024;-3.591971804;-3.349310807;-3.101934019;-2.873730729;-3.072482337;-2.752869551;-2.923905165;-2.325455829;-2.191228894;-2.420478687;-2.477921725;-2.211025234;-1.567443958;-1.915550235;-2.409748229;-3.264499015;-2.801316599;-3.145500035;-2.66568675;-3.803229299;-6.051784359;-2.219883835;-2.566066823;-1.736396378;-2.465512979;-2.320421868;-2.602016565;-1.112376026;-1.408459476;-1.207841514;-1.509687187;-2.445446284;-2.460929977;-2.936042344;-3.813784902;-2.970932729;-2.40843164;-4.121244011;-2.052531887;-2.331248189;-3.11628347;-2.439414004;-3.159344198;-2.982538865;-0.922614927;-0.693195646;-0.74749702;-1.798379619;-2.692530902;-2.390803984;-2.630440825;-3.428430879;-2.155299049;-2.982695248;-2.313292733;-1.349982341;-2.411990286;-0.640646835;-0.711021702;-1.163641335;-2.804401968;-2.246925561;-2.266919593;-2.612682586;-1.854539582;-3.05040656;-2.413416879;-1.521828168;-1.394614022;-1.589895613;-1.619378;-1.534363979;-0.698282962;-2.041624717;-2.114750786;-1.451971072;-2.28877941;-2.239155332;-2.057376009;-1.254376742;-1.648491445;-1.011650602;-0.829938801;-1.120717792;-1.88700277;-1.854956901;-0.67250828;-1.031916792;-0.475597534;-1.529046622;-1.093243419;-1.287819303;-0.686198695;-3.712441828;-1.777283359;-1.682310762;-1.08003497;-0.637295634;-1.920705823;-1.24213433;-1.014970529;-0.247952226;-2.228802132;-1.140159784;-1.089913219;-1.427306038;-1.393022236;-1.696037539;-3.151748231;-0.333177435;-0.611542957;-1.626217944;-1.662493473;-2.068573243;-0.978010558;-1.425514808;-1.725525506;-1.50545317;-0.754740095
0.566667;-4.570902455;-4.296579545;-3.993405841;-4.72085089;-4.021572906;-5.140827439;-4.829668594;-2.964460942;-3.778272606;-4.182646742;-3.884124649;-4.020056604;-3.506205283;-4.191986101;-3.46490796;-3.117275983;-3.53002287;-2.648469253;-2.466937999;-3.738308074;-2.175985181;-3.572621927;-4.346690843;-4.137595692;-3.951460481;-4.053251659;-4.488711421;-4.326386052;-3.584729913;-3.115028589;-3.194325942;-3.995493827;-3.484728936;-4.066037244;-3.117828777;-2.627891924;-2.470470135;-2.593421305;-2.818637642;-2.652405935;-3.197110331;-4.022114504;-3.994136937;-4.200831922;-4.049619663;-3.70258518;-4.035233754;-3.690681953;-3.55789645;-3.351116295;-3.397738346;-2.954520099;-3.195219512;-2.314554545;-2.196146363;-3.248079007;-2.003742043;-2.51640886;-2.687061074;-3.134819779;-1.790336201;-3.763508414;-3.896426941;-4.026999159;-4.023586173;-3.600308066;-3.345406215;-4.26392379;-2.547160359;-2.409169308;-1.878485103;-3.023573434;-3.411761235;-3.243103563;-1.423448934;-3.162197805;-3.519800557;-3.45955325;-4.018555045;-3.292504781;-4.180980332;-3.311486755;-3.478239873;-3.454421659;-3.410110284;-2.978800972;-2.780383627;-2.636148804;-2.82083326;-2.320670319;-1.886305675;-2.547053728;-2.566921553;-2.716727405;-2.63977715;-3.251296548;-2.085064943;-3.265113836;-4.133366203;-3.49395736;-2.594446692;-2.089304268;-4.122192639;-2.108720547;-2.69917413;-1.896276856;-1.176485998;-1.527412531;-1.590342206;-2.332935236;-2.825633067;-3.166240313;-3.371928517;-3.022624769;-2.544711663;-2.671719355;-2.007094836;-2.181702147;-1.738655009;-2.534722313;-3.229172969;-3.436201193;-1.243315036;-1.65754485;-0.705123597;-2.112467782;-3.20648807;-3.502459261;-3.484533514;-3.163720787;-2.105241119;-3.448782206;-2.778125949;-1.899173228;-2.610094095;-0.442169732;-0.255317113;-1.448980496;-2.327015038;-2.770435982;-2.538534166;-2.830017231;-2.485850005;-3.514969945;-2.704579129;-1.055545858;-1.762441438;-0.946963124;-1.907437792;-2.277407328;-0.920392077;-2.012933492;-2.801869762;-1.671822325;-2.937408032;-2.085349242;-3.116321375;-2.524779648;-0.882036667;-1.654018716;-1.166142619;-1.392029642;-2.131815019;-0.95050196;-0.441598568;-1.344669792;-0.613569918;-2.139805862;-1.065301172;-1.718096734;-1.688865028;-2.268215293;-2.146868844;-1.605765439;-1.970713536;-1.373266206;-1.199343092;-1.488502596;-1.598840949;-0.270293716;-2.382562649;-1.003701277;-1.234863693;-2.618412066;-1.572392508;-1.964774494;-1.391302422;-2.281965821;-0.826561384;-1.502430816;-1.265477735;-1.989097077;-1.884560818;-0.804253811;-2.519938867;-1.402371689;-1.482885976
